[
  {
    "id": 57,
    "action": "CREATE",
    "appealid": "APL2387662",
    "entityId": 56,
    "entityType": "com.perlss.appeal.model.AplRqst",
    "entityValue": {
      "createdBy": "admin",
      "createdDt": "2020-06-25 17:20:32",
      "reqPageId": 1,
      "recordVersion": 0,
      "id": 56,
      "aplRqstId": "APL2387662",
      "aplFilMthdCd": "Online",
      "aplRcvdDt": "2020-06-24T15:37:08.797+00:00",
      "aplRcvdOthDeptSw": "Y",
      "aplTypCd": "Online",
      "appMistake": "rej",
      "applntExpctOutcome": "Approve",
      "createDt": "2020-06-24T15:37:08.798+00:00",
      "createUserId": "admin",
      "ltssRcvdAplDt": null,
      "othDeptNm": null,
      "updateDt": null,
      "updateUserId": null,
      "whoFilingAplCd": "online",
      "aplAppAdrs": null,
      "aplAppAuthreps": null,
      "aplAppCntctDtls": null,
      "aplAppDetails": null,
      "aplDisenrolls": null,
      "aplEcfRefTgtPops": null,
      "aplHrngCsrefPckts": null,
      "aplHrngDtls": null,
      "aplHrngRschDtls": null,
      "aplNrseReviews": null,
      "aplOnsiteAssReqs": null,
      "aplOnsiteAssRslts": null,
      "aplOnsiteReviews": null,
      "aplOverviews": null,
      "aplPaes": null,
      "aplRefs": null,
      "aplReviewDecisions": null,
      "aplSafetyJustifications": null,
      "lastModifiedDate": "2020-06-25T17:20:32.468Z",
      "createdDate": "2020-06-25T17:20:32.468Z"
    },
    "modifiedDate": "2020-06-25T17:20:32.468Z",
    "pageid": "1",
    "parentId": 8
  },
  {
    "id": 59,
    "action": "CREATE",
    "appealid": "APL2387662",
    "entityId": 58,
    "entityType": "com.perlss.appeal.model.AplHrngDtl",
    "entityValue": {
      "createdBy": "admin",
      "createdDt": "2020-06-25 17:20:32",
      "reqPageId": 1,
      "recordVersion": 0,
      "id": 58,
      "createDt": "2020-06-24T15:37:08.797+00:00",
      "createUserId": "admin",
      "hrngDtTime": "2020-06-24T15:37:08.797+00:00",
      "hrngTypCd": "eng",
      "intreprtrLangCd": "string",
      "intreprtrSw": "Y",
      "updateDt": "2020-06-24T15:37:08.797+00:00",
      "updateUserId": "admin",
      "aplRqstId": "APL2387662",
      "lastModifiedDate": "2020-06-25T17:20:32.478Z",
      "createdDate": "2020-06-25T17:20:32.478Z"
    },
    "modifiedDate": "2020-06-25T17:20:32.478Z",
    "pageid": "1",
    "parentId": 8
  },
  {
    "id": 61,
    "action": "CREATE",
    "appealid": "APL2387662",
    "entityId": 60,
    "entityType": "com.perlss.appeal.model.AplReviewDecision",
    "entityValue": {
      "createdBy": "admin",
      "createdDt": "2020-06-25 17:20:32",
      "reqPageId": 1,
      "recordVersion": 0,
      "id": 60,
      "aplDecisionCd": "string",
      "createDt": "2020-06-24T15:37:08.798+00:00",
      "createUserId": "admin",
      "denialReasonCd": "string",
      "updateDt": "2020-06-24T15:37:08.798+00:00",
      "updateUserId": "admin",
      "aplRqstId": "APL2387662",
      "lastModifiedDate": "2020-06-25T17:20:32.490Z",
      "createdDate": "2020-06-25T17:20:32.490Z"
    },
    "modifiedDate": "2020-06-25T17:20:32.490Z",
    "pageid": "1",
    "parentId": 8
  }
]
